==27144== NVPROF is profiling process 27144, command: ./build_bs_128/external_forces
==27144== Warning: Unified Memory Profiling is not supported on devices of compute capability less than 3.0
==27144== Profiling application: ./build_bs_128/external_forces
==27144== Profiling result:
"Start","Duration","Grid X","Grid Y","Grid Z","Block X","Block Y","Block Z","Registers Per Thread","Static SMem","Dynamic SMem","Size","Throughput","Device","Context","Stream","Name"
ms,us,,,,,,,,B,B,KB,GB/s,,,,
360.689851,58.080000,,,,,,,,,,246.875000,4.053691,"Tesla M2050 (0)","1","7","[CUDA memcpy HtoD]"
360.843227,57.759000,,,,,,,,,,246.875000,4.076219,"Tesla M2050 (0)","1","7","[CUDA memcpy HtoD]"
360.982252,28.256000,247,1,1,128,1,1,17,0,0,,,"Tesla M2050 (0)","1","7","integrate(float2*, float2*, int, float, float, ForceParams) [115]"
361.011939,22.362000,247,1,1,128,1,1,17,0,0,,,"Tesla M2050 (0)","1","7","integrate(float2*, float2*, int, float, float, ForceParams) [123]"
361.035732,22.714000,247,1,1,128,1,1,17,0,0,,,"Tesla M2050 (0)","1","7","integrate(float2*, float2*, int, float, float, ForceParams) [131]"
361.059874,22.611000,247,1,1,128,1,1,17,0,0,,,"Tesla M2050 (0)","1","7","integrate(float2*, float2*, int, float, float, ForceParams) [139]"
361.083928,22.571000,247,1,1,128,1,1,17,0,0,,,"Tesla M2050 (0)","1","7","integrate(float2*, float2*, int, float, float, ForceParams) [147]"
361.107944,23.221000,247,1,1,128,1,1,17,0,0,,,"Tesla M2050 (0)","1","7","integrate(float2*, float2*, int, float, float, ForceParams) [155]"
361.132608,22.904000,247,1,1,128,1,1,17,0,0,,,"Tesla M2050 (0)","1","7","integrate(float2*, float2*, int, float, float, ForceParams) [163]"
361.156948,22.693000,247,1,1,128,1,1,17,0,0,,,"Tesla M2050 (0)","1","7","integrate(float2*, float2*, int, float, float, ForceParams) [171]"
361.181086,22.608000,247,1,1,128,1,1,17,0,0,,,"Tesla M2050 (0)","1","7","integrate(float2*, float2*, int, float, float, ForceParams) [179]"
361.205137,22.446000,247,1,1,128,1,1,17,0,0,,,"Tesla M2050 (0)","1","7","integrate(float2*, float2*, int, float, float, ForceParams) [187]"
361.229017,22.486000,247,1,1,128,1,1,17,0,0,,,"Tesla M2050 (0)","1","7","integrate(float2*, float2*, int, float, float, ForceParams) [195]"
361.252939,22.613000,247,1,1,128,1,1,17,0,0,,,"Tesla M2050 (0)","1","7","integrate(float2*, float2*, int, float, float, ForceParams) [203]"
361.276982,22.834000,247,1,1,128,1,1,17,0,0,,,"Tesla M2050 (0)","1","7","integrate(float2*, float2*, int, float, float, ForceParams) [211]"
361.301252,22.803000,247,1,1,128,1,1,17,0,0,,,"Tesla M2050 (0)","1","7","integrate(float2*, float2*, int, float, float, ForceParams) [219]"
361.325501,22.349000,247,1,1,128,1,1,17,0,0,,,"Tesla M2050 (0)","1","7","integrate(float2*, float2*, int, float, float, ForceParams) [227]"
361.349294,22.887000,247,1,1,128,1,1,17,0,0,,,"Tesla M2050 (0)","1","7","integrate(float2*, float2*, int, float, float, ForceParams) [235]"
361.373617,22.772000,247,1,1,128,1,1,17,0,0,,,"Tesla M2050 (0)","1","7","integrate(float2*, float2*, int, float, float, ForceParams) [243]"
361.397835,23.059000,247,1,1,128,1,1,17,0,0,,,"Tesla M2050 (0)","1","7","integrate(float2*, float2*, int, float, float, ForceParams) [251]"
361.422336,23.001000,247,1,1,128,1,1,17,0,0,,,"Tesla M2050 (0)","1","7","integrate(float2*, float2*, int, float, float, ForceParams) [259]"
361.446766,23.075000,247,1,1,128,1,1,17,0,0,,,"Tesla M2050 (0)","1","7","integrate(float2*, float2*, int, float, float, ForceParams) [267]"
361.471281,22.546000,247,1,1,128,1,1,17,0,0,,,"Tesla M2050 (0)","1","7","integrate(float2*, float2*, int, float, float, ForceParams) [275]"
361.495272,22.873000,247,1,1,128,1,1,17,0,0,,,"Tesla M2050 (0)","1","7","integrate(float2*, float2*, int, float, float, ForceParams) [283]"
361.519591,22.352000,247,1,1,128,1,1,17,0,0,,,"Tesla M2050 (0)","1","7","integrate(float2*, float2*, int, float, float, ForceParams) [291]"
361.543384,22.530000,247,1,1,128,1,1,17,0,0,,,"Tesla M2050 (0)","1","7","integrate(float2*, float2*, int, float, float, ForceParams) [299]"
361.567351,22.526000,247,1,1,128,1,1,17,0,0,,,"Tesla M2050 (0)","1","7","integrate(float2*, float2*, int, float, float, ForceParams) [307]"
361.591312,22.742000,247,1,1,128,1,1,17,0,0,,,"Tesla M2050 (0)","1","7","integrate(float2*, float2*, int, float, float, ForceParams) [315]"
361.615484,22.804000,247,1,1,128,1,1,17,0,0,,,"Tesla M2050 (0)","1","7","integrate(float2*, float2*, int, float, float, ForceParams) [323]"
361.639719,23.106000,247,1,1,128,1,1,17,0,0,,,"Tesla M2050 (0)","1","7","integrate(float2*, float2*, int, float, float, ForceParams) [331]"
361.664272,22.832000,247,1,1,128,1,1,17,0,0,,,"Tesla M2050 (0)","1","7","integrate(float2*, float2*, int, float, float, ForceParams) [339]"
361.688549,22.927000,247,1,1,128,1,1,17,0,0,,,"Tesla M2050 (0)","1","7","integrate(float2*, float2*, int, float, float, ForceParams) [347]"
361.712917,22.693000,247,1,1,128,1,1,17,0,0,,,"Tesla M2050 (0)","1","7","integrate(float2*, float2*, int, float, float, ForceParams) [355]"
361.737041,22.477000,247,1,1,128,1,1,17,0,0,,,"Tesla M2050 (0)","1","7","integrate(float2*, float2*, int, float, float, ForceParams) [363]"
361.760949,22.934000,247,1,1,128,1,1,17,0,0,,,"Tesla M2050 (0)","1","7","integrate(float2*, float2*, int, float, float, ForceParams) [371]"
361.785327,22.971000,247,1,1,128,1,1,17,0,0,,,"Tesla M2050 (0)","1","7","integrate(float2*, float2*, int, float, float, ForceParams) [379]"
361.809737,23.483000,247,1,1,128,1,1,17,0,0,,,"Tesla M2050 (0)","1","7","integrate(float2*, float2*, int, float, float, ForceParams) [387]"
361.834652,22.955000,247,1,1,128,1,1,17,0,0,,,"Tesla M2050 (0)","1","7","integrate(float2*, float2*, int, float, float, ForceParams) [395]"
361.859048,23.377000,247,1,1,128,1,1,17,0,0,,,"Tesla M2050 (0)","1","7","integrate(float2*, float2*, int, float, float, ForceParams) [403]"
361.883859,22.969000,247,1,1,128,1,1,17,0,0,,,"Tesla M2050 (0)","1","7","integrate(float2*, float2*, int, float, float, ForceParams) [411]"
361.908276,23.118000,247,1,1,128,1,1,17,0,0,,,"Tesla M2050 (0)","1","7","integrate(float2*, float2*, int, float, float, ForceParams) [419]"
361.932839,22.953000,247,1,1,128,1,1,17,0,0,,,"Tesla M2050 (0)","1","7","integrate(float2*, float2*, int, float, float, ForceParams) [427]"
361.957224,23.009000,247,1,1,128,1,1,17,0,0,,,"Tesla M2050 (0)","1","7","integrate(float2*, float2*, int, float, float, ForceParams) [435]"
361.981680,22.875000,247,1,1,128,1,1,17,0,0,,,"Tesla M2050 (0)","1","7","integrate(float2*, float2*, int, float, float, ForceParams) [443]"
362.005980,23.072000,247,1,1,128,1,1,17,0,0,,,"Tesla M2050 (0)","1","7","integrate(float2*, float2*, int, float, float, ForceParams) [451]"
362.030481,22.878000,247,1,1,128,1,1,17,0,0,,,"Tesla M2050 (0)","1","7","integrate(float2*, float2*, int, float, float, ForceParams) [459]"
362.054790,24.165000,247,1,1,128,1,1,17,0,0,,,"Tesla M2050 (0)","1","7","integrate(float2*, float2*, int, float, float, ForceParams) [467]"
362.080398,23.575000,247,1,1,128,1,1,17,0,0,,,"Tesla M2050 (0)","1","7","integrate(float2*, float2*, int, float, float, ForceParams) [475]"
362.105408,23.017000,247,1,1,128,1,1,17,0,0,,,"Tesla M2050 (0)","1","7","integrate(float2*, float2*, int, float, float, ForceParams) [483]"
362.129870,22.789000,247,1,1,128,1,1,17,0,0,,,"Tesla M2050 (0)","1","7","integrate(float2*, float2*, int, float, float, ForceParams) [491]"
362.154088,23.887000,247,1,1,128,1,1,17,0,0,,,"Tesla M2050 (0)","1","7","integrate(float2*, float2*, int, float, float, ForceParams) [499]"
362.179408,23.724000,247,1,1,128,1,1,17,0,0,,,"Tesla M2050 (0)","1","7","integrate(float2*, float2*, int, float, float, ForceParams) [507]"
362.204563,23.600000,247,1,1,128,1,1,17,0,0,,,"Tesla M2050 (0)","1","7","integrate(float2*, float2*, int, float, float, ForceParams) [515]"
362.229587,23.175000,247,1,1,128,1,1,17,0,0,,,"Tesla M2050 (0)","1","7","integrate(float2*, float2*, int, float, float, ForceParams) [523]"
362.254195,23.246000,247,1,1,128,1,1,17,0,0,,,"Tesla M2050 (0)","1","7","integrate(float2*, float2*, int, float, float, ForceParams) [531]"
362.278870,23.266000,247,1,1,128,1,1,17,0,0,,,"Tesla M2050 (0)","1","7","integrate(float2*, float2*, int, float, float, ForceParams) [539]"
362.303576,24.296000,247,1,1,128,1,1,17,0,0,,,"Tesla M2050 (0)","1","7","integrate(float2*, float2*, int, float, float, ForceParams) [547]"
362.329303,23.241000,247,1,1,128,1,1,17,0,0,,,"Tesla M2050 (0)","1","7","integrate(float2*, float2*, int, float, float, ForceParams) [555]"
362.353987,23.325000,247,1,1,128,1,1,17,0,0,,,"Tesla M2050 (0)","1","7","integrate(float2*, float2*, int, float, float, ForceParams) [563]"
362.378735,23.361000,247,1,1,128,1,1,17,0,0,,,"Tesla M2050 (0)","1","7","integrate(float2*, float2*, int, float, float, ForceParams) [571]"
362.403529,23.109000,247,1,1,128,1,1,17,0,0,,,"Tesla M2050 (0)","1","7","integrate(float2*, float2*, int, float, float, ForceParams) [579]"
362.428067,24.215000,247,1,1,128,1,1,17,0,0,,,"Tesla M2050 (0)","1","7","integrate(float2*, float2*, int, float, float, ForceParams) [587]"
362.453715,23.819000,247,1,1,128,1,1,17,0,0,,,"Tesla M2050 (0)","1","7","integrate(float2*, float2*, int, float, float, ForceParams) [595]"
362.478965,23.954000,247,1,1,128,1,1,17,0,0,,,"Tesla M2050 (0)","1","7","integrate(float2*, float2*, int, float, float, ForceParams) [603]"
362.504347,23.812000,247,1,1,128,1,1,17,0,0,,,"Tesla M2050 (0)","1","7","integrate(float2*, float2*, int, float, float, ForceParams) [611]"
362.529614,23.899000,247,1,1,128,1,1,17,0,0,,,"Tesla M2050 (0)","1","7","integrate(float2*, float2*, int, float, float, ForceParams) [619]"
362.554948,23.845000,247,1,1,128,1,1,17,0,0,,,"Tesla M2050 (0)","1","7","integrate(float2*, float2*, int, float, float, ForceParams) [627]"
362.580222,23.544000,247,1,1,128,1,1,17,0,0,,,"Tesla M2050 (0)","1","7","integrate(float2*, float2*, int, float, float, ForceParams) [635]"
362.605200,23.584000,247,1,1,128,1,1,17,0,0,,,"Tesla M2050 (0)","1","7","integrate(float2*, float2*, int, float, float, ForceParams) [643]"
362.630223,23.610000,247,1,1,128,1,1,17,0,0,,,"Tesla M2050 (0)","1","7","integrate(float2*, float2*, int, float, float, ForceParams) [651]"
362.655267,23.593000,247,1,1,128,1,1,17,0,0,,,"Tesla M2050 (0)","1","7","integrate(float2*, float2*, int, float, float, ForceParams) [659]"
362.680294,23.924000,247,1,1,128,1,1,17,0,0,,,"Tesla M2050 (0)","1","7","integrate(float2*, float2*, int, float, float, ForceParams) [667]"
362.705649,24.217000,247,1,1,128,1,1,17,0,0,,,"Tesla M2050 (0)","1","7","integrate(float2*, float2*, int, float, float, ForceParams) [675]"
362.731298,24.455000,247,1,1,128,1,1,17,0,0,,,"Tesla M2050 (0)","1","7","integrate(float2*, float2*, int, float, float, ForceParams) [683]"
362.757186,23.606000,247,1,1,128,1,1,17,0,0,,,"Tesla M2050 (0)","1","7","integrate(float2*, float2*, int, float, float, ForceParams) [691]"
362.782244,23.267000,247,1,1,128,1,1,17,0,0,,,"Tesla M2050 (0)","1","7","integrate(float2*, float2*, int, float, float, ForceParams) [699]"
362.806947,24.650000,247,1,1,128,1,1,17,0,0,,,"Tesla M2050 (0)","1","7","integrate(float2*, float2*, int, float, float, ForceParams) [707]"
362.833030,23.829000,247,1,1,128,1,1,17,0,0,,,"Tesla M2050 (0)","1","7","integrate(float2*, float2*, int, float, float, ForceParams) [715]"
362.858293,23.473000,247,1,1,128,1,1,17,0,0,,,"Tesla M2050 (0)","1","7","integrate(float2*, float2*, int, float, float, ForceParams) [723]"
362.883209,25.058000,247,1,1,128,1,1,17,0,0,,,"Tesla M2050 (0)","1","7","integrate(float2*, float2*, int, float, float, ForceParams) [731]"
362.909699,24.299000,247,1,1,128,1,1,17,0,0,,,"Tesla M2050 (0)","1","7","integrate(float2*, float2*, int, float, float, ForceParams) [739]"
362.935448,23.827000,247,1,1,128,1,1,17,0,0,,,"Tesla M2050 (0)","1","7","integrate(float2*, float2*, int, float, float, ForceParams) [747]"
362.960705,24.782000,247,1,1,128,1,1,17,0,0,,,"Tesla M2050 (0)","1","7","integrate(float2*, float2*, int, float, float, ForceParams) [755]"
362.986916,24.098000,247,1,1,128,1,1,17,0,0,,,"Tesla M2050 (0)","1","7","integrate(float2*, float2*, int, float, float, ForceParams) [763]"
363.012449,23.906000,247,1,1,128,1,1,17,0,0,,,"Tesla M2050 (0)","1","7","integrate(float2*, float2*, int, float, float, ForceParams) [771]"
363.037789,23.924000,247,1,1,128,1,1,17,0,0,,,"Tesla M2050 (0)","1","7","integrate(float2*, float2*, int, float, float, ForceParams) [779]"
363.063147,24.635000,247,1,1,128,1,1,17,0,0,,,"Tesla M2050 (0)","1","7","integrate(float2*, float2*, int, float, float, ForceParams) [787]"
363.089229,23.885000,247,1,1,128,1,1,17,0,0,,,"Tesla M2050 (0)","1","7","integrate(float2*, float2*, int, float, float, ForceParams) [795]"
363.114559,24.061000,247,1,1,128,1,1,17,0,0,,,"Tesla M2050 (0)","1","7","integrate(float2*, float2*, int, float, float, ForceParams) [803]"
363.140063,24.279000,247,1,1,128,1,1,17,0,0,,,"Tesla M2050 (0)","1","7","integrate(float2*, float2*, int, float, float, ForceParams) [811]"
363.165812,24.850000,247,1,1,128,1,1,17,0,0,,,"Tesla M2050 (0)","1","7","integrate(float2*, float2*, int, float, float, ForceParams) [819]"
363.192128,23.837000,247,1,1,128,1,1,17,0,0,,,"Tesla M2050 (0)","1","7","integrate(float2*, float2*, int, float, float, ForceParams) [827]"
363.217399,24.143000,247,1,1,128,1,1,17,0,0,,,"Tesla M2050 (0)","1","7","integrate(float2*, float2*, int, float, float, ForceParams) [835]"
363.242976,24.090000,247,1,1,128,1,1,17,0,0,,,"Tesla M2050 (0)","1","7","integrate(float2*, float2*, int, float, float, ForceParams) [843]"
363.268498,24.434000,247,1,1,128,1,1,17,0,0,,,"Tesla M2050 (0)","1","7","integrate(float2*, float2*, int, float, float, ForceParams) [851]"
363.294379,24.364000,247,1,1,128,1,1,17,0,0,,,"Tesla M2050 (0)","1","7","integrate(float2*, float2*, int, float, float, ForceParams) [859]"
363.320176,23.659000,247,1,1,128,1,1,17,0,0,,,"Tesla M2050 (0)","1","7","integrate(float2*, float2*, int, float, float, ForceParams) [867]"
363.345286,24.327000,247,1,1,128,1,1,17,0,0,,,"Tesla M2050 (0)","1","7","integrate(float2*, float2*, int, float, float, ForceParams) [875]"
363.371063,24.122000,247,1,1,128,1,1,17,0,0,,,"Tesla M2050 (0)","1","7","integrate(float2*, float2*, int, float, float, ForceParams) [883]"
363.396616,23.655000,247,1,1,128,1,1,17,0,0,,,"Tesla M2050 (0)","1","7","integrate(float2*, float2*, int, float, float, ForceParams) [891]"
363.421698,24.423000,247,1,1,128,1,1,17,0,0,,,"Tesla M2050 (0)","1","7","integrate(float2*, float2*, int, float, float, ForceParams) [899]"
363.447554,24.317000,247,1,1,128,1,1,17,0,0,,,"Tesla M2050 (0)","1","7","integrate(float2*, float2*, int, float, float, ForceParams) [907]"
363.473319,23.577000,247,1,1,128,1,1,17,0,0,,,"Tesla M2050 (0)","1","7","integrate(float2*, float2*, int, float, float, ForceParams) [915]"
363.498339,24.183000,247,1,1,128,1,1,17,0,0,,,"Tesla M2050 (0)","1","7","integrate(float2*, float2*, int, float, float, ForceParams) [923]"
363.523955,24.544000,247,1,1,128,1,1,17,0,0,,,"Tesla M2050 (0)","1","7","integrate(float2*, float2*, int, float, float, ForceParams) [931]"
363.549944,23.955000,247,1,1,128,1,1,17,0,0,,,"Tesla M2050 (0)","1","7","integrate(float2*, float2*, int, float, float, ForceParams) [939]"
363.575344,24.125000,247,1,1,128,1,1,17,0,0,,,"Tesla M2050 (0)","1","7","integrate(float2*, float2*, int, float, float, ForceParams) [947]"
363.600914,23.990000,247,1,1,128,1,1,17,0,0,,,"Tesla M2050 (0)","1","7","integrate(float2*, float2*, int, float, float, ForceParams) [955]"
363.626345,24.276000,247,1,1,128,1,1,17,0,0,,,"Tesla M2050 (0)","1","7","integrate(float2*, float2*, int, float, float, ForceParams) [963]"
363.652066,23.785000,247,1,1,128,1,1,17,0,0,,,"Tesla M2050 (0)","1","7","integrate(float2*, float2*, int, float, float, ForceParams) [971]"
363.677277,24.253000,247,1,1,128,1,1,17,0,0,,,"Tesla M2050 (0)","1","7","integrate(float2*, float2*, int, float, float, ForceParams) [979]"
363.702980,24.297000,247,1,1,128,1,1,17,0,0,,,"Tesla M2050 (0)","1","7","integrate(float2*, float2*, int, float, float, ForceParams) [987]"
363.728714,23.853000,247,1,1,128,1,1,17,0,0,,,"Tesla M2050 (0)","1","7","integrate(float2*, float2*, int, float, float, ForceParams) [995]"
363.753999,24.379000,247,1,1,128,1,1,17,0,0,,,"Tesla M2050 (0)","1","7","integrate(float2*, float2*, int, float, float, ForceParams) [1003]"
363.779814,24.598000,247,1,1,128,1,1,17,0,0,,,"Tesla M2050 (0)","1","7","integrate(float2*, float2*, int, float, float, ForceParams) [1011]"
363.805843,24.269000,247,1,1,128,1,1,17,0,0,,,"Tesla M2050 (0)","1","7","integrate(float2*, float2*, int, float, float, ForceParams) [1019]"
363.831546,24.288000,247,1,1,128,1,1,17,0,0,,,"Tesla M2050 (0)","1","7","integrate(float2*, float2*, int, float, float, ForceParams) [1027]"
363.857277,24.048000,247,1,1,128,1,1,17,0,0,,,"Tesla M2050 (0)","1","7","integrate(float2*, float2*, int, float, float, ForceParams) [1035]"
363.882768,23.627000,247,1,1,128,1,1,17,0,0,,,"Tesla M2050 (0)","1","7","integrate(float2*, float2*, int, float, float, ForceParams) [1043]"
363.907840,24.089000,247,1,1,128,1,1,17,0,0,,,"Tesla M2050 (0)","1","7","integrate(float2*, float2*, int, float, float, ForceParams) [1051]"
363.933375,25.006000,247,1,1,128,1,1,17,0,0,,,"Tesla M2050 (0)","1","7","integrate(float2*, float2*, int, float, float, ForceParams) [1059]"
363.959828,25.190000,247,1,1,128,1,1,17,0,0,,,"Tesla M2050 (0)","1","7","integrate(float2*, float2*, int, float, float, ForceParams) [1067]"
363.986451,24.213000,247,1,1,128,1,1,17,0,0,,,"Tesla M2050 (0)","1","7","integrate(float2*, float2*, int, float, float, ForceParams) [1075]"
364.012109,24.244000,247,1,1,128,1,1,17,0,0,,,"Tesla M2050 (0)","1","7","integrate(float2*, float2*, int, float, float, ForceParams) [1083]"
364.037812,24.380000,247,1,1,128,1,1,17,0,0,,,"Tesla M2050 (0)","1","7","integrate(float2*, float2*, int, float, float, ForceParams) [1091]"
364.063644,24.671000,247,1,1,128,1,1,17,0,0,,,"Tesla M2050 (0)","1","7","integrate(float2*, float2*, int, float, float, ForceParams) [1099]"
364.089772,23.714000,247,1,1,128,1,1,17,0,0,,,"Tesla M2050 (0)","1","7","integrate(float2*, float2*, int, float, float, ForceParams) [1107]"
364.114921,24.204000,247,1,1,128,1,1,17,0,0,,,"Tesla M2050 (0)","1","7","integrate(float2*, float2*, int, float, float, ForceParams) [1115]"
364.140557,23.850000,247,1,1,128,1,1,17,0,0,,,"Tesla M2050 (0)","1","7","integrate(float2*, float2*, int, float, float, ForceParams) [1123]"
364.165845,24.340000,247,1,1,128,1,1,17,0,0,,,"Tesla M2050 (0)","1","7","integrate(float2*, float2*, int, float, float, ForceParams) [1131]"
364.191645,24.502000,247,1,1,128,1,1,17,0,0,,,"Tesla M2050 (0)","1","7","integrate(float2*, float2*, int, float, float, ForceParams) [1139]"
364.217578,24.795000,247,1,1,128,1,1,17,0,0,,,"Tesla M2050 (0)","1","7","integrate(float2*, float2*, int, float, float, ForceParams) [1147]"
364.243807,24.389000,247,1,1,128,1,1,17,0,0,,,"Tesla M2050 (0)","1","7","integrate(float2*, float2*, int, float, float, ForceParams) [1155]"
364.269643,24.138000,247,1,1,128,1,1,17,0,0,,,"Tesla M2050 (0)","1","7","integrate(float2*, float2*, int, float, float, ForceParams) [1163]"
364.295224,24.042000,247,1,1,128,1,1,17,0,0,,,"Tesla M2050 (0)","1","7","integrate(float2*, float2*, int, float, float, ForceParams) [1171]"
364.320700,23.650000,247,1,1,128,1,1,17,0,0,,,"Tesla M2050 (0)","1","7","integrate(float2*, float2*, int, float, float, ForceParams) [1179]"
364.345807,25.072000,247,1,1,128,1,1,17,0,0,,,"Tesla M2050 (0)","1","7","integrate(float2*, float2*, int, float, float, ForceParams) [1187]"
364.372312,24.068000,247,1,1,128,1,1,17,0,0,,,"Tesla M2050 (0)","1","7","integrate(float2*, float2*, int, float, float, ForceParams) [1195]"
364.397813,23.669000,247,1,1,128,1,1,17,0,0,,,"Tesla M2050 (0)","1","7","integrate(float2*, float2*, int, float, float, ForceParams) [1203]"
364.422913,24.983000,247,1,1,128,1,1,17,0,0,,,"Tesla M2050 (0)","1","7","integrate(float2*, float2*, int, float, float, ForceParams) [1211]"
364.449344,24.705000,247,1,1,128,1,1,17,0,0,,,"Tesla M2050 (0)","1","7","integrate(float2*, float2*, int, float, float, ForceParams) [1219]"
364.475507,24.229000,247,1,1,128,1,1,17,0,0,,,"Tesla M2050 (0)","1","7","integrate(float2*, float2*, int, float, float, ForceParams) [1227]"
364.501207,24.888000,247,1,1,128,1,1,17,0,0,,,"Tesla M2050 (0)","1","7","integrate(float2*, float2*, int, float, float, ForceParams) [1235]"
364.527529,24.658000,247,1,1,128,1,1,17,0,0,,,"Tesla M2050 (0)","1","7","integrate(float2*, float2*, int, float, float, ForceParams) [1243]"
364.553623,23.639000,247,1,1,128,1,1,17,0,0,,,"Tesla M2050 (0)","1","7","integrate(float2*, float2*, int, float, float, ForceParams) [1251]"
364.578705,24.096000,247,1,1,128,1,1,17,0,0,,,"Tesla M2050 (0)","1","7","integrate(float2*, float2*, int, float, float, ForceParams) [1259]"
364.604248,24.164000,247,1,1,128,1,1,17,0,0,,,"Tesla M2050 (0)","1","7","integrate(float2*, float2*, int, float, float, ForceParams) [1267]"
364.629846,25.118000,247,1,1,128,1,1,17,0,0,,,"Tesla M2050 (0)","1","7","integrate(float2*, float2*, int, float, float, ForceParams) [1275]"
364.656396,23.933000,247,1,1,128,1,1,17,0,0,,,"Tesla M2050 (0)","1","7","integrate(float2*, float2*, int, float, float, ForceParams) [1283]"
364.681782,24.067000,247,1,1,128,1,1,17,0,0,,,"Tesla M2050 (0)","1","7","integrate(float2*, float2*, int, float, float, ForceParams) [1291]"
364.707293,24.245000,247,1,1,128,1,1,17,0,0,,,"Tesla M2050 (0)","1","7","integrate(float2*, float2*, int, float, float, ForceParams) [1299]"
364.732982,24.334000,247,1,1,128,1,1,17,0,0,,,"Tesla M2050 (0)","1","7","integrate(float2*, float2*, int, float, float, ForceParams) [1307]"
364.758762,24.185000,247,1,1,128,1,1,17,0,0,,,"Tesla M2050 (0)","1","7","integrate(float2*, float2*, int, float, float, ForceParams) [1315]"
364.784406,23.944000,247,1,1,128,1,1,17,0,0,,,"Tesla M2050 (0)","1","7","integrate(float2*, float2*, int, float, float, ForceParams) [1323]"
364.809785,24.578000,247,1,1,128,1,1,17,0,0,,,"Tesla M2050 (0)","1","7","integrate(float2*, float2*, int, float, float, ForceParams) [1331]"
364.835798,24.117000,247,1,1,128,1,1,17,0,0,,,"Tesla M2050 (0)","1","7","integrate(float2*, float2*, int, float, float, ForceParams) [1339]"
364.861347,23.818000,247,1,1,128,1,1,17,0,0,,,"Tesla M2050 (0)","1","7","integrate(float2*, float2*, int, float, float, ForceParams) [1347]"
364.886608,24.050000,247,1,1,128,1,1,17,0,0,,,"Tesla M2050 (0)","1","7","integrate(float2*, float2*, int, float, float, ForceParams) [1355]"
364.912104,23.918000,247,1,1,128,1,1,17,0,0,,,"Tesla M2050 (0)","1","7","integrate(float2*, float2*, int, float, float, ForceParams) [1363]"
364.937452,24.563000,247,1,1,128,1,1,17,0,0,,,"Tesla M2050 (0)","1","7","integrate(float2*, float2*, int, float, float, ForceParams) [1371]"
364.963461,24.166000,247,1,1,128,1,1,17,0,0,,,"Tesla M2050 (0)","1","7","integrate(float2*, float2*, int, float, float, ForceParams) [1379]"
364.989070,23.906000,247,1,1,128,1,1,17,0,0,,,"Tesla M2050 (0)","1","7","integrate(float2*, float2*, int, float, float, ForceParams) [1387]"
365.014421,23.803000,247,1,1,128,1,1,17,0,0,,,"Tesla M2050 (0)","1","7","integrate(float2*, float2*, int, float, float, ForceParams) [1395]"
365.039661,24.195000,247,1,1,128,1,1,17,0,0,,,"Tesla M2050 (0)","1","7","integrate(float2*, float2*, int, float, float, ForceParams) [1403]"
365.065290,24.196000,247,1,1,128,1,1,17,0,0,,,"Tesla M2050 (0)","1","7","integrate(float2*, float2*, int, float, float, ForceParams) [1411]"
365.090920,24.508000,247,1,1,128,1,1,17,0,0,,,"Tesla M2050 (0)","1","7","integrate(float2*, float2*, int, float, float, ForceParams) [1419]"
365.116878,24.092000,247,1,1,128,1,1,17,0,0,,,"Tesla M2050 (0)","1","7","integrate(float2*, float2*, int, float, float, ForceParams) [1427]"
365.142417,23.693000,247,1,1,128,1,1,17,0,0,,,"Tesla M2050 (0)","1","7","integrate(float2*, float2*, int, float, float, ForceParams) [1435]"
365.167541,23.601000,247,1,1,128,1,1,17,0,0,,,"Tesla M2050 (0)","1","7","integrate(float2*, float2*, int, float, float, ForceParams) [1443]"
365.192592,24.976000,247,1,1,128,1,1,17,0,0,,,"Tesla M2050 (0)","1","7","integrate(float2*, float2*, int, float, float, ForceParams) [1451]"
365.219006,23.621000,247,1,1,128,1,1,17,0,0,,,"Tesla M2050 (0)","1","7","integrate(float2*, float2*, int, float, float, ForceParams) [1459]"
365.244057,23.940000,247,1,1,128,1,1,17,0,0,,,"Tesla M2050 (0)","1","7","integrate(float2*, float2*, int, float, float, ForceParams) [1467]"
365.269425,25.379000,247,1,1,128,1,1,17,0,0,,,"Tesla M2050 (0)","1","7","integrate(float2*, float2*, int, float, float, ForceParams) [1475]"
365.296236,24.611000,247,1,1,128,1,1,17,0,0,,,"Tesla M2050 (0)","1","7","integrate(float2*, float2*, int, float, float, ForceParams) [1483]"
365.322295,24.007000,247,1,1,128,1,1,17,0,0,,,"Tesla M2050 (0)","1","7","integrate(float2*, float2*, int, float, float, ForceParams) [1491]"
365.347761,24.322000,247,1,1,128,1,1,17,0,0,,,"Tesla M2050 (0)","1","7","integrate(float2*, float2*, int, float, float, ForceParams) [1499]"
365.373523,23.974000,247,1,1,128,1,1,17,0,0,,,"Tesla M2050 (0)","1","7","integrate(float2*, float2*, int, float, float, ForceParams) [1507]"
365.398944,23.625000,247,1,1,128,1,1,17,0,0,,,"Tesla M2050 (0)","1","7","integrate(float2*, float2*, int, float, float, ForceParams) [1515]"
365.423998,24.027000,247,1,1,128,1,1,17,0,0,,,"Tesla M2050 (0)","1","7","integrate(float2*, float2*, int, float, float, ForceParams) [1523]"
365.449468,24.737000,247,1,1,128,1,1,17,0,0,,,"Tesla M2050 (0)","1","7","integrate(float2*, float2*, int, float, float, ForceParams) [1531]"
365.475652,24.049000,247,1,1,128,1,1,17,0,0,,,"Tesla M2050 (0)","1","7","integrate(float2*, float2*, int, float, float, ForceParams) [1539]"
365.501139,23.756000,247,1,1,128,1,1,17,0,0,,,"Tesla M2050 (0)","1","7","integrate(float2*, float2*, int, float, float, ForceParams) [1547]"
365.526322,24.070000,247,1,1,128,1,1,17,0,0,,,"Tesla M2050 (0)","1","7","integrate(float2*, float2*, int, float, float, ForceParams) [1555]"
365.551827,24.653000,247,1,1,128,1,1,17,0,0,,,"Tesla M2050 (0)","1","7","integrate(float2*, float2*, int, float, float, ForceParams) [1563]"
365.577941,23.751000,247,1,1,128,1,1,17,0,0,,,"Tesla M2050 (0)","1","7","integrate(float2*, float2*, int, float, float, ForceParams) [1571]"
365.603125,25.445000,247,1,1,128,1,1,17,0,0,,,"Tesla M2050 (0)","1","7","integrate(float2*, float2*, int, float, float, ForceParams) [1579]"
365.630022,24.086000,247,1,1,128,1,1,17,0,0,,,"Tesla M2050 (0)","1","7","integrate(float2*, float2*, int, float, float, ForceParams) [1587]"
365.655537,24.573000,247,1,1,128,1,1,17,0,0,,,"Tesla M2050 (0)","1","7","integrate(float2*, float2*, int, float, float, ForceParams) [1595]"
365.681543,24.771000,247,1,1,128,1,1,17,0,0,,,"Tesla M2050 (0)","1","7","integrate(float2*, float2*, int, float, float, ForceParams) [1603]"
365.707748,23.946000,247,1,1,128,1,1,17,0,0,,,"Tesla M2050 (0)","1","7","integrate(float2*, float2*, int, float, float, ForceParams) [1611]"
365.733127,24.338000,247,1,1,128,1,1,17,0,0,,,"Tesla M2050 (0)","1","7","integrate(float2*, float2*, int, float, float, ForceParams) [1619]"
365.758906,23.586000,247,1,1,128,1,1,17,0,0,,,"Tesla M2050 (0)","1","7","integrate(float2*, float2*, int, float, float, ForceParams) [1627]"
365.783930,25.175000,247,1,1,128,1,1,17,0,0,,,"Tesla M2050 (0)","1","7","integrate(float2*, float2*, int, float, float, ForceParams) [1635]"
365.810553,23.556000,247,1,1,128,1,1,17,0,0,,,"Tesla M2050 (0)","1","7","integrate(float2*, float2*, int, float, float, ForceParams) [1643]"
365.835576,23.974000,247,1,1,128,1,1,17,0,0,,,"Tesla M2050 (0)","1","7","integrate(float2*, float2*, int, float, float, ForceParams) [1651]"
365.861007,24.123000,247,1,1,128,1,1,17,0,0,,,"Tesla M2050 (0)","1","7","integrate(float2*, float2*, int, float, float, ForceParams) [1659]"
365.886574,23.873000,247,1,1,128,1,1,17,0,0,,,"Tesla M2050 (0)","1","7","integrate(float2*, float2*, int, float, float, ForceParams) [1667]"
365.911891,25.030000,247,1,1,128,1,1,17,0,0,,,"Tesla M2050 (0)","1","7","integrate(float2*, float2*, int, float, float, ForceParams) [1675]"
365.938367,23.723000,247,1,1,128,1,1,17,0,0,,,"Tesla M2050 (0)","1","7","integrate(float2*, float2*, int, float, float, ForceParams) [1683]"
365.963534,23.877000,247,1,1,128,1,1,17,0,0,,,"Tesla M2050 (0)","1","7","integrate(float2*, float2*, int, float, float, ForceParams) [1691]"
365.988845,24.624000,247,1,1,128,1,1,17,0,0,,,"Tesla M2050 (0)","1","7","integrate(float2*, float2*, int, float, float, ForceParams) [1699]"
366.014904,24.070000,247,1,1,128,1,1,17,0,0,,,"Tesla M2050 (0)","1","7","integrate(float2*, float2*, int, float, float, ForceParams) [1707]"
366.040411,24.053000,247,1,1,128,1,1,17,0,0,,,"Tesla M2050 (0)","1","7","integrate(float2*, float2*, int, float, float, ForceParams) [1715]"
366.065891,24.605000,247,1,1,128,1,1,17,0,0,,,"Tesla M2050 (0)","1","7","integrate(float2*, float2*, int, float, float, ForceParams) [1723]"
366.091957,24.328000,247,1,1,128,1,1,17,0,0,,,"Tesla M2050 (0)","1","7","integrate(float2*, float2*, int, float, float, ForceParams) [1731]"
366.117737,24.251000,247,1,1,128,1,1,17,0,0,,,"Tesla M2050 (0)","1","7","integrate(float2*, float2*, int, float, float, ForceParams) [1739]"
366.143429,24.103000,247,1,1,128,1,1,17,0,0,,,"Tesla M2050 (0)","1","7","integrate(float2*, float2*, int, float, float, ForceParams) [1747]"
366.168982,24.082000,247,1,1,128,1,1,17,0,0,,,"Tesla M2050 (0)","1","7","integrate(float2*, float2*, int, float, float, ForceParams) [1755]"
366.194497,24.157000,247,1,1,128,1,1,17,0,0,,,"Tesla M2050 (0)","1","7","integrate(float2*, float2*, int, float, float, ForceParams) [1763]"
366.220088,24.119000,247,1,1,128,1,1,17,0,0,,,"Tesla M2050 (0)","1","7","integrate(float2*, float2*, int, float, float, ForceParams) [1771]"
366.245645,23.931000,247,1,1,128,1,1,17,0,0,,,"Tesla M2050 (0)","1","7","integrate(float2*, float2*, int, float, float, ForceParams) [1779]"
366.271034,23.675000,247,1,1,128,1,1,17,0,0,,,"Tesla M2050 (0)","1","7","integrate(float2*, float2*, int, float, float, ForceParams) [1787]"
366.296148,23.980000,247,1,1,128,1,1,17,0,0,,,"Tesla M2050 (0)","1","7","integrate(float2*, float2*, int, float, float, ForceParams) [1795]"
366.321558,24.216000,247,1,1,128,1,1,17,0,0,,,"Tesla M2050 (0)","1","7","integrate(float2*, float2*, int, float, float, ForceParams) [1803]"
366.347205,24.622000,247,1,1,128,1,1,17,0,0,,,"Tesla M2050 (0)","1","7","integrate(float2*, float2*, int, float, float, ForceParams) [1811]"
366.373287,23.792000,247,1,1,128,1,1,17,0,0,,,"Tesla M2050 (0)","1","7","integrate(float2*, float2*, int, float, float, ForceParams) [1819]"
366.398520,24.026000,247,1,1,128,1,1,17,0,0,,,"Tesla M2050 (0)","1","7","integrate(float2*, float2*, int, float, float, ForceParams) [1827]"
366.424003,23.725000,247,1,1,128,1,1,17,0,0,,,"Tesla M2050 (0)","1","7","integrate(float2*, float2*, int, float, float, ForceParams) [1835]"
366.449159,24.375000,247,1,1,128,1,1,17,0,0,,,"Tesla M2050 (0)","1","7","integrate(float2*, float2*, int, float, float, ForceParams) [1843]"
366.474995,23.998000,247,1,1,128,1,1,17,0,0,,,"Tesla M2050 (0)","1","7","integrate(float2*, float2*, int, float, float, ForceParams) [1851]"
366.500443,24.331000,247,1,1,128,1,1,17,0,0,,,"Tesla M2050 (0)","1","7","integrate(float2*, float2*, int, float, float, ForceParams) [1859]"
366.526205,23.757000,247,1,1,128,1,1,17,0,0,,,"Tesla M2050 (0)","1","7","integrate(float2*, float2*, int, float, float, ForceParams) [1867]"
366.551389,24.213000,247,1,1,128,1,1,17,0,0,,,"Tesla M2050 (0)","1","7","integrate(float2*, float2*, int, float, float, ForceParams) [1875]"
366.577047,24.094000,247,1,1,128,1,1,17,0,0,,,"Tesla M2050 (0)","1","7","integrate(float2*, float2*, int, float, float, ForceParams) [1883]"
366.602572,24.260000,247,1,1,128,1,1,17,0,0,,,"Tesla M2050 (0)","1","7","integrate(float2*, float2*, int, float, float, ForceParams) [1891]"
366.628268,23.826000,247,1,1,128,1,1,17,0,0,,,"Tesla M2050 (0)","1","7","integrate(float2*, float2*, int, float, float, ForceParams) [1899]"
366.653532,23.820000,247,1,1,128,1,1,17,0,0,,,"Tesla M2050 (0)","1","7","integrate(float2*, float2*, int, float, float, ForceParams) [1907]"
366.678785,24.044000,247,1,1,128,1,1,17,0,0,,,"Tesla M2050 (0)","1","7","integrate(float2*, float2*, int, float, float, ForceParams) [1915]"
366.704261,23.815000,247,1,1,128,1,1,17,0,0,,,"Tesla M2050 (0)","1","7","integrate(float2*, float2*, int, float, float, ForceParams) [1923]"
366.729524,23.633000,247,1,1,128,1,1,17,0,0,,,"Tesla M2050 (0)","1","7","integrate(float2*, float2*, int, float, float, ForceParams) [1931]"
366.754603,24.116000,247,1,1,128,1,1,17,0,0,,,"Tesla M2050 (0)","1","7","integrate(float2*, float2*, int, float, float, ForceParams) [1939]"
366.780163,23.588000,247,1,1,128,1,1,17,0,0,,,"Tesla M2050 (0)","1","7","integrate(float2*, float2*, int, float, float, ForceParams) [1947]"
366.805180,23.562000,247,1,1,128,1,1,17,0,0,,,"Tesla M2050 (0)","1","7","integrate(float2*, float2*, int, float, float, ForceParams) [1955]"
366.830182,24.858000,247,1,1,128,1,1,17,0,0,,,"Tesla M2050 (0)","1","7","integrate(float2*, float2*, int, float, float, ForceParams) [1963]"
366.856502,23.786000,247,1,1,128,1,1,17,0,0,,,"Tesla M2050 (0)","1","7","integrate(float2*, float2*, int, float, float, ForceParams) [1971]"
366.881731,23.554000,247,1,1,128,1,1,17,0,0,,,"Tesla M2050 (0)","1","7","integrate(float2*, float2*, int, float, float, ForceParams) [1979]"
366.906730,24.506000,247,1,1,128,1,1,17,0,0,,,"Tesla M2050 (0)","1","7","integrate(float2*, float2*, int, float, float, ForceParams) [1987]"
366.932680,23.927000,247,1,1,128,1,1,17,0,0,,,"Tesla M2050 (0)","1","7","integrate(float2*, float2*, int, float, float, ForceParams) [1995]"
366.958063,24.843000,247,1,1,128,1,1,17,0,0,,,"Tesla M2050 (0)","1","7","integrate(float2*, float2*, int, float, float, ForceParams) [2003]"
366.984365,24.155000,247,1,1,128,1,1,17,0,0,,,"Tesla M2050 (0)","1","7","integrate(float2*, float2*, int, float, float, ForceParams) [2011]"
367.009960,24.101000,247,1,1,128,1,1,17,0,0,,,"Tesla M2050 (0)","1","7","integrate(float2*, float2*, int, float, float, ForceParams) [2019]"
367.035506,24.962000,247,1,1,128,1,1,17,0,0,,,"Tesla M2050 (0)","1","7","integrate(float2*, float2*, int, float, float, ForceParams) [2027]"
367.061917,23.725000,247,1,1,128,1,1,17,0,0,,,"Tesla M2050 (0)","1","7","integrate(float2*, float2*, int, float, float, ForceParams) [2035]"
367.087078,24.701000,247,1,1,128,1,1,17,0,0,,,"Tesla M2050 (0)","1","7","integrate(float2*, float2*, int, float, float, ForceParams) [2043]"
367.113221,24.078000,247,1,1,128,1,1,17,0,0,,,"Tesla M2050 (0)","1","7","integrate(float2*, float2*, int, float, float, ForceParams) [2051]"
367.138728,24.597000,247,1,1,128,1,1,17,0,0,,,"Tesla M2050 (0)","1","7","integrate(float2*, float2*, int, float, float, ForceParams) [2059]"
367.164752,24.480000,247,1,1,128,1,1,17,0,0,,,"Tesla M2050 (0)","1","7","integrate(float2*, float2*, int, float, float, ForceParams) [2067]"
367.190664,25.119000,247,1,1,128,1,1,17,0,0,,,"Tesla M2050 (0)","1","7","integrate(float2*, float2*, int, float, float, ForceParams) [2075]"
367.217228,25.443000,247,1,1,128,1,1,17,0,0,,,"Tesla M2050 (0)","1","7","integrate(float2*, float2*, int, float, float, ForceParams) [2083]"
367.244106,24.690000,247,1,1,128,1,1,17,0,0,,,"Tesla M2050 (0)","1","7","integrate(float2*, float2*, int, float, float, ForceParams) [2091]"
367.270231,23.773000,247,1,1,128,1,1,17,0,0,,,"Tesla M2050 (0)","1","7","integrate(float2*, float2*, int, float, float, ForceParams) [2099]"
367.295466,23.677000,247,1,1,128,1,1,17,0,0,,,"Tesla M2050 (0)","1","7","integrate(float2*, float2*, int, float, float, ForceParams) [2107]"
367.320573,24.027000,247,1,1,128,1,1,17,0,0,,,"Tesla M2050 (0)","1","7","integrate(float2*, float2*, int, float, float, ForceParams) [2115]"
367.346039,24.893000,247,1,1,128,1,1,17,0,0,,,"Tesla M2050 (0)","1","7","integrate(float2*, float2*, int, float, float, ForceParams) [2123]"
367.372377,24.019000,247,1,1,128,1,1,17,0,0,,,"Tesla M2050 (0)","1","7","integrate(float2*, float2*, int, float, float, ForceParams) [2131]"
367.397860,24.276000,247,1,1,128,1,1,17,0,0,,,"Tesla M2050 (0)","1","7","integrate(float2*, float2*, int, float, float, ForceParams) [2139]"
367.423570,23.917000,247,1,1,128,1,1,17,0,0,,,"Tesla M2050 (0)","1","7","integrate(float2*, float2*, int, float, float, ForceParams) [2147]"
367.448931,23.920000,247,1,1,128,1,1,17,0,0,,,"Tesla M2050 (0)","1","7","integrate(float2*, float2*, int, float, float, ForceParams) [2155]"
367.474295,23.738000,247,1,1,128,1,1,17,0,0,,,"Tesla M2050 (0)","1","7","integrate(float2*, float2*, int, float, float, ForceParams) [2163]"
367.499472,23.713000,247,1,1,128,1,1,17,0,0,,,"Tesla M2050 (0)","1","7","integrate(float2*, float2*, int, float, float, ForceParams) [2171]"
367.524617,23.567000,247,1,1,128,1,1,17,0,0,,,"Tesla M2050 (0)","1","7","integrate(float2*, float2*, int, float, float, ForceParams) [2179]"
367.549616,23.744000,247,1,1,128,1,1,17,0,0,,,"Tesla M2050 (0)","1","7","integrate(float2*, float2*, int, float, float, ForceParams) [2187]"
367.574796,24.818000,247,1,1,128,1,1,17,0,0,,,"Tesla M2050 (0)","1","7","integrate(float2*, float2*, int, float, float, ForceParams) [2195]"
367.601068,23.859000,247,1,1,128,1,1,17,0,0,,,"Tesla M2050 (0)","1","7","integrate(float2*, float2*, int, float, float, ForceParams) [2203]"
367.626352,24.715000,247,1,1,128,1,1,17,0,0,,,"Tesla M2050 (0)","1","7","integrate(float2*, float2*, int, float, float, ForceParams) [2211]"
367.652501,24.940000,247,1,1,128,1,1,17,0,0,,,"Tesla M2050 (0)","1","7","integrate(float2*, float2*, int, float, float, ForceParams) [2219]"
367.678908,23.847000,247,1,1,128,1,1,17,0,0,,,"Tesla M2050 (0)","1","7","integrate(float2*, float2*, int, float, float, ForceParams) [2227]"
367.704204,24.047000,247,1,1,128,1,1,17,0,0,,,"Tesla M2050 (0)","1","7","integrate(float2*, float2*, int, float, float, ForceParams) [2235]"
367.729691,24.118000,247,1,1,128,1,1,17,0,0,,,"Tesla M2050 (0)","1","7","integrate(float2*, float2*, int, float, float, ForceParams) [2243]"
367.755261,23.622000,247,1,1,128,1,1,17,0,0,,,"Tesla M2050 (0)","1","7","integrate(float2*, float2*, int, float, float, ForceParams) [2251]"
367.780326,24.374000,247,1,1,128,1,1,17,0,0,,,"Tesla M2050 (0)","1","7","integrate(float2*, float2*, int, float, float, ForceParams) [2259]"
367.806136,25.198000,247,1,1,128,1,1,17,0,0,,,"Tesla M2050 (0)","1","7","integrate(float2*, float2*, int, float, float, ForceParams) [2267]"
367.832777,24.260000,247,1,1,128,1,1,17,0,0,,,"Tesla M2050 (0)","1","7","integrate(float2*, float2*, int, float, float, ForceParams) [2275]"
367.858480,23.822000,247,1,1,128,1,1,17,0,0,,,"Tesla M2050 (0)","1","7","integrate(float2*, float2*, int, float, float, ForceParams) [2283]"
367.883737,24.211000,247,1,1,128,1,1,17,0,0,,,"Tesla M2050 (0)","1","7","integrate(float2*, float2*, int, float, float, ForceParams) [2291]"
367.909405,24.152000,247,1,1,128,1,1,17,0,0,,,"Tesla M2050 (0)","1","7","integrate(float2*, float2*, int, float, float, ForceParams) [2299]"
367.935017,24.494000,247,1,1,128,1,1,17,0,0,,,"Tesla M2050 (0)","1","7","integrate(float2*, float2*, int, float, float, ForceParams) [2307]"
367.960947,24.160000,247,1,1,128,1,1,17,0,0,,,"Tesla M2050 (0)","1","7","integrate(float2*, float2*, int, float, float, ForceParams) [2315]"
367.986552,23.979000,247,1,1,128,1,1,17,0,0,,,"Tesla M2050 (0)","1","7","integrate(float2*, float2*, int, float, float, ForceParams) [2323]"
368.011969,23.940000,247,1,1,128,1,1,17,0,0,,,"Tesla M2050 (0)","1","7","integrate(float2*, float2*, int, float, float, ForceParams) [2331]"
368.037334,25.524000,247,1,1,128,1,1,17,0,0,,,"Tesla M2050 (0)","1","7","integrate(float2*, float2*, int, float, float, ForceParams) [2339]"
368.064302,24.187000,247,1,1,128,1,1,17,0,0,,,"Tesla M2050 (0)","1","7","integrate(float2*, float2*, int, float, float, ForceParams) [2347]"
368.089918,24.607000,247,1,1,128,1,1,17,0,0,,,"Tesla M2050 (0)","1","7","integrate(float2*, float2*, int, float, float, ForceParams) [2355]"
368.115952,23.952000,247,1,1,128,1,1,17,0,0,,,"Tesla M2050 (0)","1","7","integrate(float2*, float2*, int, float, float, ForceParams) [2363]"
368.141352,24.226000,247,1,1,128,1,1,17,0,0,,,"Tesla M2050 (0)","1","7","integrate(float2*, float2*, int, float, float, ForceParams) [2371]"
368.167023,23.587000,247,1,1,128,1,1,17,0,0,,,"Tesla M2050 (0)","1","7","integrate(float2*, float2*, int, float, float, ForceParams) [2379]"
368.192039,24.771000,247,1,1,128,1,1,17,0,0,,,"Tesla M2050 (0)","1","7","integrate(float2*, float2*, int, float, float, ForceParams) [2387]"
368.218254,24.334000,247,1,1,128,1,1,17,0,0,,,"Tesla M2050 (0)","1","7","integrate(float2*, float2*, int, float, float, ForceParams) [2395]"
368.244038,24.129000,247,1,1,128,1,1,17,0,0,,,"Tesla M2050 (0)","1","7","integrate(float2*, float2*, int, float, float, ForceParams) [2403]"
368.269629,24.682000,247,1,1,128,1,1,17,0,0,,,"Tesla M2050 (0)","1","7","integrate(float2*, float2*, int, float, float, ForceParams) [2411]"
368.295747,23.584000,247,1,1,128,1,1,17,0,0,,,"Tesla M2050 (0)","1","7","integrate(float2*, float2*, int, float, float, ForceParams) [2419]"
368.320802,24.903000,247,1,1,128,1,1,17,0,0,,,"Tesla M2050 (0)","1","7","integrate(float2*, float2*, int, float, float, ForceParams) [2427]"
368.347156,23.992000,247,1,1,128,1,1,17,0,0,,,"Tesla M2050 (0)","1","7","integrate(float2*, float2*, int, float, float, ForceParams) [2435]"
368.372587,24.241000,247,1,1,128,1,1,17,0,0,,,"Tesla M2050 (0)","1","7","integrate(float2*, float2*, int, float, float, ForceParams) [2443]"
368.398280,24.966000,247,1,1,128,1,1,17,0,0,,,"Tesla M2050 (0)","1","7","integrate(float2*, float2*, int, float, float, ForceParams) [2451]"
368.424677,23.693000,247,1,1,128,1,1,17,0,0,,,"Tesla M2050 (0)","1","7","integrate(float2*, float2*, int, float, float, ForceParams) [2459]"
368.449801,24.676000,247,1,1,128,1,1,17,0,0,,,"Tesla M2050 (0)","1","7","integrate(float2*, float2*, int, float, float, ForceParams) [2467]"
368.475908,23.509000,247,1,1,128,1,1,17,0,0,,,"Tesla M2050 (0)","1","7","integrate(float2*, float2*, int, float, float, ForceParams) [2475]"
368.500865,24.807000,247,1,1,128,1,1,17,0,0,,,"Tesla M2050 (0)","1","7","integrate(float2*, float2*, int, float, float, ForceParams) [2483]"
368.527115,23.841000,247,1,1,128,1,1,17,0,0,,,"Tesla M2050 (0)","1","7","integrate(float2*, float2*, int, float, float, ForceParams) [2491]"
368.552410,24.685000,247,1,1,128,1,1,17,0,0,,,"Tesla M2050 (0)","1","7","integrate(float2*, float2*, int, float, float, ForceParams) [2499]"
368.578541,23.697000,247,1,1,128,1,1,17,0,0,,,"Tesla M2050 (0)","1","7","integrate(float2*, float2*, int, float, float, ForceParams) [2507]"
368.603669,24.130000,247,1,1,128,1,1,17,0,0,,,"Tesla M2050 (0)","1","7","integrate(float2*, float2*, int, float, float, ForceParams) [2515]"
368.629261,23.765000,247,1,1,128,1,1,17,0,0,,,"Tesla M2050 (0)","1","7","integrate(float2*, float2*, int, float, float, ForceParams) [2523]"
368.654469,24.326000,247,1,1,128,1,1,17,0,0,,,"Tesla M2050 (0)","1","7","integrate(float2*, float2*, int, float, float, ForceParams) [2531]"
368.680228,24.859000,247,1,1,128,1,1,17,0,0,,,"Tesla M2050 (0)","1","7","integrate(float2*, float2*, int, float, float, ForceParams) [2539]"
368.706548,23.986000,247,1,1,128,1,1,17,0,0,,,"Tesla M2050 (0)","1","7","integrate(float2*, float2*, int, float, float, ForceParams) [2547]"
368.731968,24.675000,247,1,1,128,1,1,17,0,0,,,"Tesla M2050 (0)","1","7","integrate(float2*, float2*, int, float, float, ForceParams) [2555]"
368.758103,24.182000,247,1,1,128,1,1,17,0,0,,,"Tesla M2050 (0)","1","7","integrate(float2*, float2*, int, float, float, ForceParams) [2563]"
368.783744,24.842000,247,1,1,128,1,1,17,0,0,,,"Tesla M2050 (0)","1","7","integrate(float2*, float2*, int, float, float, ForceParams) [2571]"
368.810032,23.993000,247,1,1,128,1,1,17,0,0,,,"Tesla M2050 (0)","1","7","integrate(float2*, float2*, int, float, float, ForceParams) [2579]"
368.835470,24.605000,247,1,1,128,1,1,17,0,0,,,"Tesla M2050 (0)","1","7","integrate(float2*, float2*, int, float, float, ForceParams) [2587]"
368.861522,24.759000,247,1,1,128,1,1,17,0,0,,,"Tesla M2050 (0)","1","7","integrate(float2*, float2*, int, float, float, ForceParams) [2595]"
368.887740,23.984000,247,1,1,128,1,1,17,0,0,,,"Tesla M2050 (0)","1","7","integrate(float2*, float2*, int, float, float, ForceParams) [2603]"
368.913171,23.728000,247,1,1,128,1,1,17,0,0,,,"Tesla M2050 (0)","1","7","integrate(float2*, float2*, int, float, float, ForceParams) [2611]"
368.938344,24.220000,247,1,1,128,1,1,17,0,0,,,"Tesla M2050 (0)","1","7","integrate(float2*, float2*, int, float, float, ForceParams) [2619]"
368.964016,23.948000,247,1,1,128,1,1,17,0,0,,,"Tesla M2050 (0)","1","7","integrate(float2*, float2*, int, float, float, ForceParams) [2627]"
368.989394,24.539000,247,1,1,128,1,1,17,0,0,,,"Tesla M2050 (0)","1","7","integrate(float2*, float2*, int, float, float, ForceParams) [2635]"
369.015366,24.089000,247,1,1,128,1,1,17,0,0,,,"Tesla M2050 (0)","1","7","integrate(float2*, float2*, int, float, float, ForceParams) [2643]"
369.040895,24.516000,247,1,1,128,1,1,17,0,0,,,"Tesla M2050 (0)","1","7","integrate(float2*, float2*, int, float, float, ForceParams) [2651]"
369.066842,23.972000,247,1,1,128,1,1,17,0,0,,,"Tesla M2050 (0)","1","7","integrate(float2*, float2*, int, float, float, ForceParams) [2659]"
369.092266,23.498000,247,1,1,128,1,1,17,0,0,,,"Tesla M2050 (0)","1","7","integrate(float2*, float2*, int, float, float, ForceParams) [2667]"
369.117212,24.989000,247,1,1,128,1,1,17,0,0,,,"Tesla M2050 (0)","1","7","integrate(float2*, float2*, int, float, float, ForceParams) [2675]"
369.143647,24.377000,247,1,1,128,1,1,17,0,0,,,"Tesla M2050 (0)","1","7","integrate(float2*, float2*, int, float, float, ForceParams) [2683]"
369.169465,23.906000,247,1,1,128,1,1,17,0,0,,,"Tesla M2050 (0)","1","7","integrate(float2*, float2*, int, float, float, ForceParams) [2691]"
369.194820,23.765000,247,1,1,128,1,1,17,0,0,,,"Tesla M2050 (0)","1","7","integrate(float2*, float2*, int, float, float, ForceParams) [2699]"
369.220021,23.707000,247,1,1,128,1,1,17,0,0,,,"Tesla M2050 (0)","1","7","integrate(float2*, float2*, int, float, float, ForceParams) [2707]"
369.245159,24.062000,247,1,1,128,1,1,17,0,0,,,"Tesla M2050 (0)","1","7","integrate(float2*, float2*, int, float, float, ForceParams) [2715]"
369.270662,24.178000,247,1,1,128,1,1,17,0,0,,,"Tesla M2050 (0)","1","7","integrate(float2*, float2*, int, float, float, ForceParams) [2723]"
369.296285,23.882000,247,1,1,128,1,1,17,0,0,,,"Tesla M2050 (0)","1","7","integrate(float2*, float2*, int, float, float, ForceParams) [2731]"
369.321612,23.991000,247,1,1,128,1,1,17,0,0,,,"Tesla M2050 (0)","1","7","integrate(float2*, float2*, int, float, float, ForceParams) [2739]"
369.347050,24.239000,247,1,1,128,1,1,17,0,0,,,"Tesla M2050 (0)","1","7","integrate(float2*, float2*, int, float, float, ForceParams) [2747]"
369.372718,24.103000,247,1,1,128,1,1,17,0,0,,,"Tesla M2050 (0)","1","7","integrate(float2*, float2*, int, float, float, ForceParams) [2755]"
369.398268,23.925000,247,1,1,128,1,1,17,0,0,,,"Tesla M2050 (0)","1","7","integrate(float2*, float2*, int, float, float, ForceParams) [2763]"
369.423629,23.721000,247,1,1,128,1,1,17,0,0,,,"Tesla M2050 (0)","1","7","integrate(float2*, float2*, int, float, float, ForceParams) [2771]"
369.448785,23.822000,247,1,1,128,1,1,17,0,0,,,"Tesla M2050 (0)","1","7","integrate(float2*, float2*, int, float, float, ForceParams) [2779]"
369.474052,24.188000,247,1,1,128,1,1,17,0,0,,,"Tesla M2050 (0)","1","7","integrate(float2*, float2*, int, float, float, ForceParams) [2787]"
369.499689,23.714000,247,1,1,128,1,1,17,0,0,,,"Tesla M2050 (0)","1","7","integrate(float2*, float2*, int, float, float, ForceParams) [2795]"
369.524844,24.714000,247,1,1,128,1,1,17,0,0,,,"Tesla M2050 (0)","1","7","integrate(float2*, float2*, int, float, float, ForceParams) [2803]"
369.550994,24.153000,247,1,1,128,1,1,17,0,0,,,"Tesla M2050 (0)","1","7","integrate(float2*, float2*, int, float, float, ForceParams) [2811]"
369.576575,24.268000,247,1,1,128,1,1,17,0,0,,,"Tesla M2050 (0)","1","7","integrate(float2*, float2*, int, float, float, ForceParams) [2819]"
369.602274,24.184000,247,1,1,128,1,1,17,0,0,,,"Tesla M2050 (0)","1","7","integrate(float2*, float2*, int, float, float, ForceParams) [2827]"
369.627906,23.666000,247,1,1,128,1,1,17,0,0,,,"Tesla M2050 (0)","1","7","integrate(float2*, float2*, int, float, float, ForceParams) [2835]"
369.653048,23.770000,247,1,1,128,1,1,17,0,0,,,"Tesla M2050 (0)","1","7","integrate(float2*, float2*, int, float, float, ForceParams) [2843]"
369.678256,24.363000,247,1,1,128,1,1,17,0,0,,,"Tesla M2050 (0)","1","7","integrate(float2*, float2*, int, float, float, ForceParams) [2851]"
369.704064,25.006000,247,1,1,128,1,1,17,0,0,,,"Tesla M2050 (0)","1","7","integrate(float2*, float2*, int, float, float, ForceParams) [2859]"
369.730530,23.997000,247,1,1,128,1,1,17,0,0,,,"Tesla M2050 (0)","1","7","integrate(float2*, float2*, int, float, float, ForceParams) [2867]"
369.755961,24.767000,247,1,1,128,1,1,17,0,0,,,"Tesla M2050 (0)","1","7","integrate(float2*, float2*, int, float, float, ForceParams) [2875]"
369.782194,23.929000,247,1,1,128,1,1,17,0,0,,,"Tesla M2050 (0)","1","7","integrate(float2*, float2*, int, float, float, ForceParams) [2883]"
369.807566,24.120000,247,1,1,128,1,1,17,0,0,,,"Tesla M2050 (0)","1","7","integrate(float2*, float2*, int, float, float, ForceParams) [2891]"
369.833136,24.175000,247,1,1,128,1,1,17,0,0,,,"Tesla M2050 (0)","1","7","integrate(float2*, float2*, int, float, float, ForceParams) [2899]"
369.858759,24.330000,247,1,1,128,1,1,17,0,0,,,"Tesla M2050 (0)","1","7","integrate(float2*, float2*, int, float, float, ForceParams) [2907]"
369.884528,24.215000,247,1,1,128,1,1,17,0,0,,,"Tesla M2050 (0)","1","7","integrate(float2*, float2*, int, float, float, ForceParams) [2915]"
369.910176,24.033000,247,1,1,128,1,1,17,0,0,,,"Tesla M2050 (0)","1","7","integrate(float2*, float2*, int, float, float, ForceParams) [2923]"
369.935670,24.214000,247,1,1,128,1,1,17,0,0,,,"Tesla M2050 (0)","1","7","integrate(float2*, float2*, int, float, float, ForceParams) [2931]"
369.961317,24.060000,247,1,1,128,1,1,17,0,0,,,"Tesla M2050 (0)","1","7","integrate(float2*, float2*, int, float, float, ForceParams) [2939]"
369.986824,24.648000,247,1,1,128,1,1,17,0,0,,,"Tesla M2050 (0)","1","7","integrate(float2*, float2*, int, float, float, ForceParams) [2947]"
370.012917,24.337000,247,1,1,128,1,1,17,0,0,,,"Tesla M2050 (0)","1","7","integrate(float2*, float2*, int, float, float, ForceParams) [2955]"
370.038700,24.101000,247,1,1,128,1,1,17,0,0,,,"Tesla M2050 (0)","1","7","integrate(float2*, float2*, int, float, float, ForceParams) [2963]"
370.064243,26.173000,247,1,1,128,1,1,17,0,0,,,"Tesla M2050 (0)","1","7","integrate(float2*, float2*, int, float, float, ForceParams) [2971]"
370.091859,24.919000,247,1,1,128,1,1,17,0,0,,,"Tesla M2050 (0)","1","7","integrate(float2*, float2*, int, float, float, ForceParams) [2979]"
370.118211,23.989000,247,1,1,128,1,1,17,0,0,,,"Tesla M2050 (0)","1","7","integrate(float2*, float2*, int, float, float, ForceParams) [2987]"
370.143645,25.184000,247,1,1,128,1,1,17,0,0,,,"Tesla M2050 (0)","1","7","integrate(float2*, float2*, int, float, float, ForceParams) [2995]"
370.170289,24.792000,247,1,1,128,1,1,17,0,0,,,"Tesla M2050 (0)","1","7","integrate(float2*, float2*, int, float, float, ForceParams) [3003]"
370.196526,24.962000,247,1,1,128,1,1,17,0,0,,,"Tesla M2050 (0)","1","7","integrate(float2*, float2*, int, float, float, ForceParams) [3011]"
370.222926,24.901000,247,1,1,128,1,1,17,0,0,,,"Tesla M2050 (0)","1","7","integrate(float2*, float2*, int, float, float, ForceParams) [3019]"
370.249263,23.974000,247,1,1,128,1,1,17,0,0,,,"Tesla M2050 (0)","1","7","integrate(float2*, float2*, int, float, float, ForceParams) [3027]"
370.274687,24.081000,247,1,1,128,1,1,17,0,0,,,"Tesla M2050 (0)","1","7","integrate(float2*, float2*, int, float, float, ForceParams) [3035]"
370.300202,24.263000,247,1,1,128,1,1,17,0,0,,,"Tesla M2050 (0)","1","7","integrate(float2*, float2*, int, float, float, ForceParams) [3043]"
370.325912,24.482000,247,1,1,128,1,1,17,0,0,,,"Tesla M2050 (0)","1","7","integrate(float2*, float2*, int, float, float, ForceParams) [3051]"
370.351841,23.918000,247,1,1,128,1,1,17,0,0,,,"Tesla M2050 (0)","1","7","integrate(float2*, float2*, int, float, float, ForceParams) [3059]"
370.377202,24.201000,247,1,1,128,1,1,17,0,0,,,"Tesla M2050 (0)","1","7","integrate(float2*, float2*, int, float, float, ForceParams) [3067]"
370.402856,24.257000,247,1,1,128,1,1,17,0,0,,,"Tesla M2050 (0)","1","7","integrate(float2*, float2*, int, float, float, ForceParams) [3075]"
370.428542,24.063000,247,1,1,128,1,1,17,0,0,,,"Tesla M2050 (0)","1","7","integrate(float2*, float2*, int, float, float, ForceParams) [3083]"
370.454050,23.886000,247,1,1,128,1,1,17,0,0,,,"Tesla M2050 (0)","1","7","integrate(float2*, float2*, int, float, float, ForceParams) [3091]"
370.479376,23.530000,247,1,1,128,1,1,17,0,0,,,"Tesla M2050 (0)","1","7","integrate(float2*, float2*, int, float, float, ForceParams) [3099]"
370.504340,24.032000,247,1,1,128,1,1,17,0,0,,,"Tesla M2050 (0)","1","7","integrate(float2*, float2*, int, float, float, ForceParams) [3107]"
370.529803,24.261000,247,1,1,128,1,1,17,0,0,,,"Tesla M2050 (0)","1","7","integrate(float2*, float2*, int, float, float, ForceParams) [3115]"
370.555509,24.422000,247,1,1,128,1,1,17,0,0,,,"Tesla M2050 (0)","1","7","integrate(float2*, float2*, int, float, float, ForceParams) [3123]"
370.581362,23.695000,247,1,1,128,1,1,17,0,0,,,"Tesla M2050 (0)","1","7","integrate(float2*, float2*, int, float, float, ForceParams) [3131]"
370.606500,24.285000,247,1,1,128,1,1,17,0,0,,,"Tesla M2050 (0)","1","7","integrate(float2*, float2*, int, float, float, ForceParams) [3139]"
370.632217,24.183000,247,1,1,128,1,1,17,0,0,,,"Tesla M2050 (0)","1","7","integrate(float2*, float2*, int, float, float, ForceParams) [3147]"
370.657833,24.455000,247,1,1,128,1,1,17,0,0,,,"Tesla M2050 (0)","1","7","integrate(float2*, float2*, int, float, float, ForceParams) [3155]"
370.683721,24.077000,247,1,1,128,1,1,17,0,0,,,"Tesla M2050 (0)","1","7","integrate(float2*, float2*, int, float, float, ForceParams) [3163]"
370.709238,23.732000,247,1,1,128,1,1,17,0,0,,,"Tesla M2050 (0)","1","7","integrate(float2*, float2*, int, float, float, ForceParams) [3171]"
370.734404,24.178000,247,1,1,128,1,1,17,0,0,,,"Tesla M2050 (0)","1","7","integrate(float2*, float2*, int, float, float, ForceParams) [3179]"
370.760024,24.207000,247,1,1,128,1,1,17,0,0,,,"Tesla M2050 (0)","1","7","integrate(float2*, float2*, int, float, float, ForceParams) [3187]"
370.785681,24.089000,247,1,1,128,1,1,17,0,0,,,"Tesla M2050 (0)","1","7","integrate(float2*, float2*, int, float, float, ForceParams) [3195]"
370.811220,24.171000,247,1,1,128,1,1,17,0,0,,,"Tesla M2050 (0)","1","7","integrate(float2*, float2*, int, float, float, ForceParams) [3203]"
370.836843,24.447000,247,1,1,128,1,1,17,0,0,,,"Tesla M2050 (0)","1","7","integrate(float2*, float2*, int, float, float, ForceParams) [3211]"
370.862720,24.215000,247,1,1,128,1,1,17,0,0,,,"Tesla M2050 (0)","1","7","integrate(float2*, float2*, int, float, float, ForceParams) [3219]"
370.888396,24.282000,247,1,1,128,1,1,17,0,0,,,"Tesla M2050 (0)","1","7","integrate(float2*, float2*, int, float, float, ForceParams) [3227]"
370.914123,24.537000,247,1,1,128,1,1,17,0,0,,,"Tesla M2050 (0)","1","7","integrate(float2*, float2*, int, float, float, ForceParams) [3235]"
370.940108,23.826000,247,1,1,128,1,1,17,0,0,,,"Tesla M2050 (0)","1","7","integrate(float2*, float2*, int, float, float, ForceParams) [3243]"
370.965369,24.054000,247,1,1,128,1,1,17,0,0,,,"Tesla M2050 (0)","1","7","integrate(float2*, float2*, int, float, float, ForceParams) [3251]"
370.990866,24.814000,247,1,1,128,1,1,17,0,0,,,"Tesla M2050 (0)","1","7","integrate(float2*, float2*, int, float, float, ForceParams) [3259]"
371.017113,24.938000,247,1,1,128,1,1,17,0,0,,,"Tesla M2050 (0)","1","7","integrate(float2*, float2*, int, float, float, ForceParams) [3267]"
371.043506,23.842000,247,1,1,128,1,1,17,0,0,,,"Tesla M2050 (0)","1","7","integrate(float2*, float2*, int, float, float, ForceParams) [3275]"
371.068793,24.945000,247,1,1,128,1,1,17,0,0,,,"Tesla M2050 (0)","1","7","integrate(float2*, float2*, int, float, float, ForceParams) [3283]"
371.095186,23.870000,247,1,1,128,1,1,17,0,0,,,"Tesla M2050 (0)","1","7","integrate(float2*, float2*, int, float, float, ForceParams) [3291]"
371.120488,24.197000,247,1,1,128,1,1,17,0,0,,,"Tesla M2050 (0)","1","7","integrate(float2*, float2*, int, float, float, ForceParams) [3299]"
371.146132,23.901000,247,1,1,128,1,1,17,0,0,,,"Tesla M2050 (0)","1","7","integrate(float2*, float2*, int, float, float, ForceParams) [3307]"
371.171473,23.656000,247,1,1,128,1,1,17,0,0,,,"Tesla M2050 (0)","1","7","integrate(float2*, float2*, int, float, float, ForceParams) [3315]"
371.196576,24.366000,247,1,1,128,1,1,17,0,0,,,"Tesla M2050 (0)","1","7","integrate(float2*, float2*, int, float, float, ForceParams) [3323]"
371.222380,23.821000,247,1,1,128,1,1,17,0,0,,,"Tesla M2050 (0)","1","7","integrate(float2*, float2*, int, float, float, ForceParams) [3331]"
371.247637,24.737000,247,1,1,128,1,1,17,0,0,,,"Tesla M2050 (0)","1","7","integrate(float2*, float2*, int, float, float, ForceParams) [3339]"
371.273807,23.998000,247,1,1,128,1,1,17,0,0,,,"Tesla M2050 (0)","1","7","integrate(float2*, float2*, int, float, float, ForceParams) [3347]"
371.299255,24.349000,247,1,1,128,1,1,17,0,0,,,"Tesla M2050 (0)","1","7","integrate(float2*, float2*, int, float, float, ForceParams) [3355]"
371.325053,23.690000,247,1,1,128,1,1,17,0,0,,,"Tesla M2050 (0)","1","7","integrate(float2*, float2*, int, float, float, ForceParams) [3363]"
371.350184,24.183000,247,1,1,128,1,1,17,0,0,,,"Tesla M2050 (0)","1","7","integrate(float2*, float2*, int, float, float, ForceParams) [3371]"
371.375800,23.585000,247,1,1,128,1,1,17,0,0,,,"Tesla M2050 (0)","1","7","integrate(float2*, float2*, int, float, float, ForceParams) [3379]"
371.400830,24.333000,247,1,1,128,1,1,17,0,0,,,"Tesla M2050 (0)","1","7","integrate(float2*, float2*, int, float, float, ForceParams) [3387]"
371.426609,23.686000,247,1,1,128,1,1,17,0,0,,,"Tesla M2050 (0)","1","7","integrate(float2*, float2*, int, float, float, ForceParams) [3395]"
371.451747,23.762000,247,1,1,128,1,1,17,0,0,,,"Tesla M2050 (0)","1","7","integrate(float2*, float2*, int, float, float, ForceParams) [3403]"
371.476948,24.248000,247,1,1,128,1,1,17,0,0,,,"Tesla M2050 (0)","1","7","integrate(float2*, float2*, int, float, float, ForceParams) [3411]"
371.502641,24.573000,247,1,1,128,1,1,17,0,0,,,"Tesla M2050 (0)","1","7","integrate(float2*, float2*, int, float, float, ForceParams) [3419]"
371.528661,23.984000,247,1,1,128,1,1,17,0,0,,,"Tesla M2050 (0)","1","7","integrate(float2*, float2*, int, float, float, ForceParams) [3427]"
371.554088,23.919000,247,1,1,128,1,1,17,0,0,,,"Tesla M2050 (0)","1","7","integrate(float2*, float2*, int, float, float, ForceParams) [3435]"
371.579460,24.084000,247,1,1,128,1,1,17,0,0,,,"Tesla M2050 (0)","1","7","integrate(float2*, float2*, int, float, float, ForceParams) [3443]"
371.605003,24.012000,247,1,1,128,1,1,17,0,0,,,"Tesla M2050 (0)","1","7","integrate(float2*, float2*, int, float, float, ForceParams) [3451]"
371.630458,23.778000,247,1,1,128,1,1,17,0,0,,,"Tesla M2050 (0)","1","7","integrate(float2*, float2*, int, float, float, ForceParams) [3459]"
371.655663,24.119000,247,1,1,128,1,1,17,0,0,,,"Tesla M2050 (0)","1","7","integrate(float2*, float2*, int, float, float, ForceParams) [3467]"
371.681220,24.258000,247,1,1,128,1,1,17,0,0,,,"Tesla M2050 (0)","1","7","integrate(float2*, float2*, int, float, float, ForceParams) [3475]"
371.706912,24.340000,247,1,1,128,1,1,17,0,0,,,"Tesla M2050 (0)","1","7","integrate(float2*, float2*, int, float, float, ForceParams) [3483]"
371.732702,24.149000,247,1,1,128,1,1,17,0,0,,,"Tesla M2050 (0)","1","7","integrate(float2*, float2*, int, float, float, ForceParams) [3491]"
371.758283,23.872000,247,1,1,128,1,1,17,0,0,,,"Tesla M2050 (0)","1","7","integrate(float2*, float2*, int, float, float, ForceParams) [3499]"
371.783589,24.053000,247,1,1,128,1,1,17,0,0,,,"Tesla M2050 (0)","1","7","integrate(float2*, float2*, int, float, float, ForceParams) [3507]"
371.809071,24.583000,247,1,1,128,1,1,17,0,0,,,"Tesla M2050 (0)","1","7","integrate(float2*, float2*, int, float, float, ForceParams) [3515]"
371.835088,23.510000,247,1,1,128,1,1,17,0,0,,,"Tesla M2050 (0)","1","7","integrate(float2*, float2*, int, float, float, ForceParams) [3523]"
371.860048,23.799000,247,1,1,128,1,1,17,0,0,,,"Tesla M2050 (0)","1","7","integrate(float2*, float2*, int, float, float, ForceParams) [3531]"
371.885284,24.550000,247,1,1,128,1,1,17,0,0,,,"Tesla M2050 (0)","1","7","integrate(float2*, float2*, int, float, float, ForceParams) [3539]"
371.911266,24.081000,247,1,1,128,1,1,17,0,0,,,"Tesla M2050 (0)","1","7","integrate(float2*, float2*, int, float, float, ForceParams) [3547]"
371.936781,24.086000,247,1,1,128,1,1,17,0,0,,,"Tesla M2050 (0)","1","7","integrate(float2*, float2*, int, float, float, ForceParams) [3555]"
371.962313,23.919000,247,1,1,128,1,1,17,0,0,,,"Tesla M2050 (0)","1","7","integrate(float2*, float2*, int, float, float, ForceParams) [3563]"
371.987661,23.864000,247,1,1,128,1,1,17,0,0,,,"Tesla M2050 (0)","1","7","integrate(float2*, float2*, int, float, float, ForceParams) [3571]"
372.012970,24.181000,247,1,1,128,1,1,17,0,0,,,"Tesla M2050 (0)","1","7","integrate(float2*, float2*, int, float, float, ForceParams) [3579]"
372.038582,23.927000,247,1,1,128,1,1,17,0,0,,,"Tesla M2050 (0)","1","7","integrate(float2*, float2*, int, float, float, ForceParams) [3587]"
372.063940,24.173000,247,1,1,128,1,1,17,0,0,,,"Tesla M2050 (0)","1","7","integrate(float2*, float2*, int, float, float, ForceParams) [3595]"
372.089556,23.502000,247,1,1,128,1,1,17,0,0,,,"Tesla M2050 (0)","1","7","integrate(float2*, float2*, int, float, float, ForceParams) [3603]"
372.114509,24.213000,247,1,1,128,1,1,17,0,0,,,"Tesla M2050 (0)","1","7","integrate(float2*, float2*, int, float, float, ForceParams) [3611]"
372.140153,23.912000,247,1,1,128,1,1,17,0,0,,,"Tesla M2050 (0)","1","7","integrate(float2*, float2*, int, float, float, ForceParams) [3619]"
372.165510,24.014000,247,1,1,128,1,1,17,0,0,,,"Tesla M2050 (0)","1","7","integrate(float2*, float2*, int, float, float, ForceParams) [3627]"
372.190969,24.314000,247,1,1,128,1,1,17,0,0,,,"Tesla M2050 (0)","1","7","integrate(float2*, float2*, int, float, float, ForceParams) [3635]"
372.216728,24.976000,247,1,1,128,1,1,17,0,0,,,"Tesla M2050 (0)","1","7","integrate(float2*, float2*, int, float, float, ForceParams) [3643]"
372.243142,24.009000,247,1,1,128,1,1,17,0,0,,,"Tesla M2050 (0)","1","7","integrate(float2*, float2*, int, float, float, ForceParams) [3651]"
372.268597,24.006000,247,1,1,128,1,1,17,0,0,,,"Tesla M2050 (0)","1","7","integrate(float2*, float2*, int, float, float, ForceParams) [3659]"
372.294036,24.307000,247,1,1,128,1,1,17,0,0,,,"Tesla M2050 (0)","1","7","integrate(float2*, float2*, int, float, float, ForceParams) [3667]"
372.319777,23.855000,247,1,1,128,1,1,17,0,0,,,"Tesla M2050 (0)","1","7","integrate(float2*, float2*, int, float, float, ForceParams) [3675]"
372.345076,24.652000,247,1,1,128,1,1,17,0,0,,,"Tesla M2050 (0)","1","7","integrate(float2*, float2*, int, float, float, ForceParams) [3683]"
372.371176,23.817000,247,1,1,128,1,1,17,0,0,,,"Tesla M2050 (0)","1","7","integrate(float2*, float2*, int, float, float, ForceParams) [3691]"
372.396436,23.856000,247,1,1,128,1,1,17,0,0,,,"Tesla M2050 (0)","1","7","integrate(float2*, float2*, int, float, float, ForceParams) [3699]"
372.421731,24.950000,247,1,1,128,1,1,17,0,0,,,"Tesla M2050 (0)","1","7","integrate(float2*, float2*, int, float, float, ForceParams) [3707]"
372.448124,24.375000,247,1,1,128,1,1,17,0,0,,,"Tesla M2050 (0)","1","7","integrate(float2*, float2*, int, float, float, ForceParams) [3715]"
372.473963,24.072000,247,1,1,128,1,1,17,0,0,,,"Tesla M2050 (0)","1","7","integrate(float2*, float2*, int, float, float, ForceParams) [3723]"
372.499482,24.313000,247,1,1,128,1,1,17,0,0,,,"Tesla M2050 (0)","1","7","integrate(float2*, float2*, int, float, float, ForceParams) [3731]"
372.525246,23.544000,247,1,1,128,1,1,17,0,0,,,"Tesla M2050 (0)","1","7","integrate(float2*, float2*, int, float, float, ForceParams) [3739]"
372.550224,24.677000,247,1,1,128,1,1,17,0,0,,,"Tesla M2050 (0)","1","7","integrate(float2*, float2*, int, float, float, ForceParams) [3747]"
372.576332,24.845000,247,1,1,128,1,1,17,0,0,,,"Tesla M2050 (0)","1","7","integrate(float2*, float2*, int, float, float, ForceParams) [3755]"
372.602627,24.949000,247,1,1,128,1,1,17,0,0,,,"Tesla M2050 (0)","1","7","integrate(float2*, float2*, int, float, float, ForceParams) [3763]"
372.629038,23.899000,247,1,1,128,1,1,17,0,0,,,"Tesla M2050 (0)","1","7","integrate(float2*, float2*, int, float, float, ForceParams) [3771]"
372.654371,24.058000,247,1,1,128,1,1,17,0,0,,,"Tesla M2050 (0)","1","7","integrate(float2*, float2*, int, float, float, ForceParams) [3779]"
372.679865,24.396000,247,1,1,128,1,1,17,0,0,,,"Tesla M2050 (0)","1","7","integrate(float2*, float2*, int, float, float, ForceParams) [3787]"
372.705704,23.835000,247,1,1,128,1,1,17,0,0,,,"Tesla M2050 (0)","1","7","integrate(float2*, float2*, int, float, float, ForceParams) [3795]"
372.730968,23.866000,247,1,1,128,1,1,17,0,0,,,"Tesla M2050 (0)","1","7","integrate(float2*, float2*, int, float, float, ForceParams) [3803]"
372.756270,23.760000,247,1,1,128,1,1,17,0,0,,,"Tesla M2050 (0)","1","7","integrate(float2*, float2*, int, float, float, ForceParams) [3811]"
372.781475,23.895000,247,1,1,128,1,1,17,0,0,,,"Tesla M2050 (0)","1","7","integrate(float2*, float2*, int, float, float, ForceParams) [3819]"
372.806808,23.831000,247,1,1,128,1,1,17,0,0,,,"Tesla M2050 (0)","1","7","integrate(float2*, float2*, int, float, float, ForceParams) [3827]"
372.832072,24.162000,247,1,1,128,1,1,17,0,0,,,"Tesla M2050 (0)","1","7","integrate(float2*, float2*, int, float, float, ForceParams) [3835]"
372.857681,24.138000,247,1,1,128,1,1,17,0,0,,,"Tesla M2050 (0)","1","7","integrate(float2*, float2*, int, float, float, ForceParams) [3843]"
372.883264,24.492000,247,1,1,128,1,1,17,0,0,,,"Tesla M2050 (0)","1","7","integrate(float2*, float2*, int, float, float, ForceParams) [3851]"
372.909201,23.808000,247,1,1,128,1,1,17,0,0,,,"Tesla M2050 (0)","1","7","integrate(float2*, float2*, int, float, float, ForceParams) [3859]"
372.934458,23.799000,247,1,1,128,1,1,17,0,0,,,"Tesla M2050 (0)","1","7","integrate(float2*, float2*, int, float, float, ForceParams) [3867]"
372.959687,23.778000,247,1,1,128,1,1,17,0,0,,,"Tesla M2050 (0)","1","7","integrate(float2*, float2*, int, float, float, ForceParams) [3875]"
372.984902,24.047000,247,1,1,128,1,1,17,0,0,,,"Tesla M2050 (0)","1","7","integrate(float2*, float2*, int, float, float, ForceParams) [3883]"
373.010392,25.215000,247,1,1,128,1,1,17,0,0,,,"Tesla M2050 (0)","1","7","integrate(float2*, float2*, int, float, float, ForceParams) [3891]"
373.037053,23.757000,247,1,1,128,1,1,17,0,0,,,"Tesla M2050 (0)","1","7","integrate(float2*, float2*, int, float, float, ForceParams) [3899]"
373.062255,24.605000,247,1,1,128,1,1,17,0,0,,,"Tesla M2050 (0)","1","7","integrate(float2*, float2*, int, float, float, ForceParams) [3907]"
373.088313,24.703000,247,1,1,128,1,1,17,0,0,,,"Tesla M2050 (0)","1","7","integrate(float2*, float2*, int, float, float, ForceParams) [3915]"
373.114445,24.148000,247,1,1,128,1,1,17,0,0,,,"Tesla M2050 (0)","1","7","integrate(float2*, float2*, int, float, float, ForceParams) [3923]"
373.140040,24.899000,247,1,1,128,1,1,17,0,0,,,"Tesla M2050 (0)","1","7","integrate(float2*, float2*, int, float, float, ForceParams) [3931]"
373.166374,24.242000,247,1,1,128,1,1,17,0,0,,,"Tesla M2050 (0)","1","7","integrate(float2*, float2*, int, float, float, ForceParams) [3939]"
373.192049,24.190000,247,1,1,128,1,1,17,0,0,,,"Tesla M2050 (0)","1","7","integrate(float2*, float2*, int, float, float, ForceParams) [3947]"
373.217675,23.922000,247,1,1,128,1,1,17,0,0,,,"Tesla M2050 (0)","1","7","integrate(float2*, float2*, int, float, float, ForceParams) [3955]"
373.243042,23.790000,247,1,1,128,1,1,17,0,0,,,"Tesla M2050 (0)","1","7","integrate(float2*, float2*, int, float, float, ForceParams) [3963]"
373.268285,24.389000,247,1,1,128,1,1,17,0,0,,,"Tesla M2050 (0)","1","7","integrate(float2*, float2*, int, float, float, ForceParams) [3971]"
373.294124,23.983000,247,1,1,128,1,1,17,0,0,,,"Tesla M2050 (0)","1","7","integrate(float2*, float2*, int, float, float, ForceParams) [3979]"
373.319534,23.992000,247,1,1,128,1,1,17,0,0,,,"Tesla M2050 (0)","1","7","integrate(float2*, float2*, int, float, float, ForceParams) [3987]"
373.344972,24.677000,247,1,1,128,1,1,17,0,0,,,"Tesla M2050 (0)","1","7","integrate(float2*, float2*, int, float, float, ForceParams) [3995]"
373.371115,24.681000,247,1,1,128,1,1,17,0,0,,,"Tesla M2050 (0)","1","7","integrate(float2*, float2*, int, float, float, ForceParams) [4003]"
373.397229,24.636000,247,1,1,128,1,1,17,0,0,,,"Tesla M2050 (0)","1","7","integrate(float2*, float2*, int, float, float, ForceParams) [4011]"
373.423301,25.053000,247,1,1,128,1,1,17,0,0,,,"Tesla M2050 (0)","1","7","integrate(float2*, float2*, int, float, float, ForceParams) [4019]"
373.449789,25.551000,247,1,1,128,1,1,17,0,0,,,"Tesla M2050 (0)","1","7","integrate(float2*, float2*, int, float, float, ForceParams) [4027]"
373.476774,24.921000,247,1,1,128,1,1,17,0,0,,,"Tesla M2050 (0)","1","7","integrate(float2*, float2*, int, float, float, ForceParams) [4035]"
373.503140,23.948000,247,1,1,128,1,1,17,0,0,,,"Tesla M2050 (0)","1","7","integrate(float2*, float2*, int, float, float, ForceParams) [4043]"
373.528529,23.625000,247,1,1,128,1,1,17,0,0,,,"Tesla M2050 (0)","1","7","integrate(float2*, float2*, int, float, float, ForceParams) [4051]"
373.553584,24.322000,247,1,1,128,1,1,17,0,0,,,"Tesla M2050 (0)","1","7","integrate(float2*, float2*, int, float, float, ForceParams) [4059]"
373.579339,23.652000,247,1,1,128,1,1,17,0,0,,,"Tesla M2050 (0)","1","7","integrate(float2*, float2*, int, float, float, ForceParams) [4067]"
373.604428,24.845000,247,1,1,128,1,1,17,0,0,,,"Tesla M2050 (0)","1","7","integrate(float2*, float2*, int, float, float, ForceParams) [4075]"
373.630719,24.773000,247,1,1,128,1,1,17,0,0,,,"Tesla M2050 (0)","1","7","integrate(float2*, float2*, int, float, float, ForceParams) [4083]"
373.656924,24.525000,247,1,1,128,1,1,17,0,0,,,"Tesla M2050 (0)","1","7","integrate(float2*, float2*, int, float, float, ForceParams) [4091]"
373.682896,23.878000,247,1,1,128,1,1,17,0,0,,,"Tesla M2050 (0)","1","7","integrate(float2*, float2*, int, float, float, ForceParams) [4099]"
373.708212,23.965000,247,1,1,128,1,1,17,0,0,,,"Tesla M2050 (0)","1","7","integrate(float2*, float2*, int, float, float, ForceParams) [4107]"
373.782999,58.400000,,,,,,,,,,246.875000,4.031479,"Tesla M2050 (0)","1","7","[CUDA memcpy DtoH]"
374.158294,58.368000,,,,,,,,,,246.875000,4.033689,"Tesla M2050 (0)","1","7","[CUDA memcpy DtoH]"
